<?xml version="1.0" encoding="UTF-8"?>
<project-private xmlns="http://www.netbeans.org/ns/project-private/1">
    <editor-bookmarks xmlns="http://www.netbeans.org/ns/editor-bookmarks/2" lastBookmarkId="0"/>
    <open-files xmlns="http://www.netbeans.org/ns/projectui-open-files/2">
        <group>
            <file>file:/C:/Users/adhar/OneDrive/Documents/NetBeansProjects/Assignment5_Xerox/src/com/assignment5/entities/Order.java</file>
            <file>file:/C:/Users/adhar/OneDrive/Documents/NetBeansProjects/Assignment5_Xerox/src/com/assignment5/entities/Product.java</file>
            <file>file:/C:/Users/adhar/OneDrive/Documents/NetBeansProjects/Assignment5_Xerox/src/com/assignment5/xerox/GateWay.java</file>
            <file>file:/C:/Users/adhar/OneDrive/Documents/NetBeansProjects/Assignment5_Xerox/src/com/assignment5/entities/Item.java</file>
            <file>file:/C:/Users/adhar/OneDrive/Documents/NetBeansProjects/Assignment5_Xerox/src/com/assignment5/analytics/AnalysisHelper.java</file>
        </group>
    </open-files>
</project-private>
