<?xml version="1.0" encoding="UTF-8"?>
<project-private xmlns="http://www.netbeans.org/ns/project-private/1">
    <editor-bookmarks xmlns="http://www.netbeans.org/ns/editor-bookmarks/2" lastBookmarkId="0"/>
    <open-files xmlns="http://www.netbeans.org/ns/projectui-open-files/2">
        <group>
            <file>file:/C:/Users/hp/Documents/NetBeansProjects/Assignment4TravelAgency/src/userInterface/TravelAgencyMainJFrame.java</file>
            <file>file:/C:/Users/hp/Documents/NetBeansProjects/Assignment4TravelAgency/src/userInterface/ManageTravelAgency/listFlightJPanel.java</file>
            <file>file:/C:/Users/hp/Documents/NetBeansProjects/Assignment4TravelAgency/src/userInterface/ManageTravelAgency/searchFlightJPanel.java</file>
            <file>file:/C:/Users/hp/Documents/NetBeansProjects/Assignment4TravelAgency/src/userInterface/ManageTravelAgency/ticketBookingJPanel.java</file>
            <file>file:/C:/Users/hp/Documents/NetBeansProjects/Assignment4TravelAgency/src/Business/Flights.java</file>
            <file>file:/C:/Users/hp/Documents/NetBeansProjects/Assignment4TravelAgency/src/userInterface/ManageTravelAgency/mngTravelAgencyFrontPageJPanel.java</file>
            <file>file:/C:/Users/hp/Documents/NetBeansProjects/Assignment4TravelAgency/src/Business/FlightScheDirectory.java</file>
        </group>
    </open-files>
</project-private>
